name,adf_stat,adf_pvalue,adf_stationary,kpss_stat,kpss_pvalue,kpss_stationary,conclusion
steps,-8.45638973256243,1.6105897605426298e-13,True,0.07089240537506805,0.1,True,Stationary
calories,-8.390818990236783,2.3693923971499623e-13,True,0.07464931717511432,0.1,True,Stationary
distance,-8.55364713009023,9.081211324990934e-14,True,0.07424703394173743,0.1,True,Stationary
total_duration,-7.0520304918968675,5.494989383283345e-10,True,0.07630072256426841,0.1,True,Stationary
sleep_score,-5.95656862270289,2.0864603674994685e-07,True,0.5071282968654034,0.04006119439968392,False,Difference-stationary
avg_stress,-2.7962212551836876,0.05881556546877127,False,0.7227414428588458,0.011478050649195836,False,Non-stationary (differencing recommended)
